city,year,stratum,cells,valid_pct,mean_c
Changde,2020,Transitional,27925,97.76634107061584,36.034795054400035
Changde,2021,Transitional,27858,97.53177187270245,38.63676241604895
Changde,2022,Transitional,27987,97.98340510450583,36.29130457929898
Changde,2023,Transitional,26859,94.03424010082975,37.8209434331107
Changde,2024,Transitional,27786,97.27969751076567,37.711008808709835
Changde,2025,Transitional,28070,98.27399082729406,38.94425273114041
Changsha,2020,Transitional,58047,99.4125706456585,43.75034652177885
Changsha,2021,Transitional,57972,99.28412399383456,42.28103700024633
Changsha,2022,Transitional,58279,99.80989895530057,44.12860170397897
Changsha,2023,Transitional,57986,99.30810070217503,40.49070901138634
Changsha,2024,Transitional,58283,99.81674944339784,41.57200783288704
Changsha,2025,Transitional,58280,99.81161157732488,40.558779226625745
Chenzhou,2020,Hilly,18301,66.03521685790575,34.512659765836815
Chenzhou,2021,Hilly,22843,82.4240456087176,35.47709466051964
Chenzhou,2022,Hilly,25719,92.80147218012557,38.86539708151986
Chenzhou,2023,Hilly,24002,86.60604748502561,33.51203320382058
Chenzhou,2024,Hilly,25603,92.38291116403262,35.32345769196621
Chenzhou,2025,Hilly,25860,93.31024031175579,36.04007648957429
Enshi,2020,Mountainous,19467,83.6067685964611,32.03878589281095
Enshi,2021,Mountainous,19401,83.32331214567944,32.08600959058606
Enshi,2022,Mountainous,19308,82.92389623775983,36.39476540146836
Enshi,2023,Mountainous,19927,85.58237416251502,31.53343928094847
Enshi,2024,Mountainous,20018,85.973200481017,33.2620776700295
Enshi,2025,Mountainous,19951,85.68544923552655,34.56514091742673
Ezhou,2020,Transitional,32364,98.8757179518514,35.90854133306448
Ezhou,2021,Transitional,32685,99.85640962972016,40.01825458268934
Ezhou,2022,Transitional,32687,99.86251985824269,41.186746924327736
Ezhou,2023,Transitional,32687,99.86251985824269,41.19785582917433
Ezhou,2024,Transitional,32687,99.86251985824269,41.00297138581334
Ezhou,2025,Transitional,32685,99.85640962972016,40.60894501353465
Fuzhou,2020,Hilly,29016,98.88896462408835,33.436633003253746
Fuzhou,2021,Hilly,28848,98.31640651625656,37.91195798129161
Fuzhou,2022,Hilly,29298,99.85004430509167,42.342735343702714
Fuzhou,2023,Hilly,29291,99.82618771726536,41.80510318028439
Fuzhou,2024,Hilly,29297,99.8466362211165,40.974072353250165
Fuzhou,2025,Hilly,29297,99.8466362211165,40.347823001853044
Ganzhou,2020,Hilly,43109,95.73608119212064,33.65198571368444
Ganzhou,2021,Hilly,43523,96.65548868506963,38.060668050601976
Ganzhou,2022,Hilly,44972,99.87341491039108,41.20619560440116
Ganzhou,2023,Hilly,44901,99.71573874614138,38.464581702469445
Ganzhou,2024,Hilly,44972,99.87341491039108,38.8103591408688
Ganzhou,2025,Hilly,44970,99.86897332829953,38.440783023320876
Hengyang,2020,Transitional,30585,98.71223857474826,42.72099595171949
Hengyang,2021,Transitional,30370,98.01833204234444,39.439558942830104
Hengyang,2022,Transitional,30911,99.76439452620708,42.693225367347225
Hengyang,2023,Transitional,30821,99.47392202427059,40.09634938971874
Hengyang,2024,Transitional,30911,99.76439452620708,39.144794098912314
Hengyang,2025,Transitional,30911,99.76439452620708,40.593001908058
Huaihua,2020,Mountainous,20725,95.19107110049605,35.64424238630551
Huaihua,2021,Mountainous,19346,88.85724784126401,33.22485281089632
Huaihua,2022,Mountainous,21739,99.84842917508728,34.086072241781096
Huaihua,2023,Mountainous,21458,98.55778063567885,35.98806694094884
Huaihua,2024,Mountainous,20074,92.20099209994488,36.69474015674854
Huaihua,2025,Mountainous,21280,97.74021679221018,36.72444135524813
Huanggang,2020,Hilly,32364,98.8757179518514,35.90854133306448
Huanggang,2021,Hilly,32685,99.85640962972016,40.01825458268934
Huanggang,2022,Hilly,32687,99.86251985824269,41.186746924327736
Huanggang,2023,Hilly,32687,99.86251985824269,41.19785582917433
Huanggang,2024,Hilly,32687,99.86251985824269,41.00297138581334
Huanggang,2025,Hilly,32685,99.85640962972016,40.60894501353465
Huangshi,2020,Mountainous,40694,97.65778737700984,34.332863481940365
Huangshi,2021,Mountainous,41605,99.84401247900168,39.814251558948
Huangshi,2022,Mountainous,41613,99.86321094312454,42.21974867715022
Huangshi,2023,Mountainous,41609,99.85361171106312,40.53998269084332
Huangshi,2024,Mountainous,41613,99.86321094312454,41.69687613743423
Huangshi,2025,Mountainous,41595,99.82001439884809,39.97907751920525
Ji'an,2020,Hilly,36638,94.84338596945379,36.316105396867215
Ji'an,2021,Hilly,38585,99.88351022521357,37.0021810242913
Ji'an,2022,Hilly,38585,99.88351022521357,40.93888296820455
Ji'an,2023,Hilly,38585,99.88351022521357,36.49580187065021
Ji'an,2024,Hilly,38585,99.88351022521357,39.817475341207796
Ji'an,2025,Hilly,38585,99.88351022521357,39.634630228219066
Jingdezhen,2020,Hilly,20477,71.4106364428945,31.672130520507437
Jingdezhen,2021,Hilly,27838,97.08108108108108,34.28634293195171
Jingdezhen,2022,Hilly,28630,99.84306887532694,38.75511096470768
Jingdezhen,2023,Hilly,27442,95.70008718395815,37.68296360745461
Jingdezhen,2024,Hilly,28628,99.8360941586748,37.12819939009506
Jingdezhen,2025,Hilly,28630,99.84306887532694,37.2139969604321
Jingmen,2020,Transitional,28187,99.74521391415124,35.479823186580745
Jingmen,2021,Transitional,14356,50.80151456173254,33.21466010730148
Jingmen,2022,Transitional,28218,99.85491347889169,34.99252492736224
Jingmen,2023,Transitional,28211,99.83014260943416,35.71743734308603
Jingmen,2024,Transitional,28211,99.83014260943416,38.92644428724827
Jingmen,2025,Transitional,28216,99.8478360876181,37.61812366657324
Jingzhou,2020,Flat,31194,99.80483122700367,35.775833546797514
Jingzhou,2021,Flat,23367,74.76243800991841,34.04704779883809
Jingzhou,2022,Flat,31203,99.83362661974084,38.18985365949237
Jingzhou,2023,Flat,31033,99.28971364581668,33.90180817732323
Jingzhou,2024,Flat,31199,99.82082866741321,41.2605650925434
Jingzhou,2025,Flat,31202,99.83042713165894,36.90675716924454
Jiujiang,2020,Flat,34323,96.21023125437982,36.50552194585441
Jiujiang,2021,Flat,35540,99.62158374211633,36.68233628039934
Jiujiang,2022,Flat,35560,99.67764540995094,40.988794710425736
Jiujiang,2023,Flat,35257,98.82831114225648,38.698809928563435
Jiujiang,2024,Flat,35559,99.67484232655922,38.47027788928625
Jiujiang,2025,Flat,35553,99.65802382620883,39.57633918225724
Loudi,2020,Transitional,22298,95.75710727475737,33.73875712642655
Loudi,2021,Transitional,23033,98.91351026367775,37.85172571657188
Loudi,2022,Transitional,23249,99.84110624409517,41.460055512857764
Loudi,2023,Transitional,22939,98.50983423516276,40.52353191224114
Loudi,2024,Transitional,23139,99.36871940221592,35.932337426254435
Loudi,2025,Transitional,23249,99.84110624409517,38.253889755672105
Nanchang,2020,Flat,54119,99.60796583965251,39.3137313935718
Nanchang,2021,Flat,54204,99.76441139659869,40.054374215398525
Nanchang,2022,Flat,54253,99.85459765883824,42.32856656998047
Nanchang,2023,Flat,47166,86.81071928145477,37.74343158623077
Nanchang,2024,Flat,54255,99.8582787307664,41.3852143258419
Nanchang,2025,Flat,54254,99.85643819480232,40.96492664784142
Pingxiang,2020,Hilly,37581,97.76280533805051,38.814849148784276
Pingxiang,2021,Hilly,37995,98.83978044275644,38.72664718158393
Pingxiang,2022,Hilly,38388,99.86212637548451,39.60548543691857
Pingxiang,2023,Hilly,37985,98.81376655133842,36.2272921457473
Pingxiang,2024,Hilly,38371,99.81790276007388,38.94735448996562
Pingxiang,2025,Hilly,38386,99.8569235972009,37.82028815898144
Qianjiang,2020,Flat,20677,99.83101583623021,37.54063968870338
Qianjiang,2021,Flat,15131,73.05426805716493,34.96261881041306
Qianjiang,2022,Flat,20677,99.83101583623021,38.31628929606569
Qianjiang,2023,Flat,20343,98.21842410196987,37.484861613188286
Qianjiang,2024,Flat,20677,99.83101583623021,39.858761780368525
Qianjiang,2025,Flat,20677,99.83101583623021,38.200198942070415
Shangrao,2020,Hilly,49298,97.86786309854682,38.01569386721229
Shangrao,2021,Hilly,44780,88.89859445723815,38.43488620121849
Shangrao,2022,Hilly,50099,99.4580322401334,41.54177258530376
Shangrao,2023,Hilly,50099,99.4580322401334,38.53643093020355
Shangrao,2024,Hilly,50133,99.52553005638053,40.495825135340795
Shangrao,2025,Hilly,50158,99.57516080362106,37.39844914656328
Shaoyang,2020,Hilly,30834,98.75412356275822,31.668542786514877
Shaoyang,2021,Hilly,29733,95.22787688562919,36.79995788236704
Shaoyang,2022,Hilly,31067,99.50036831822695,39.06031307300998
Shaoyang,2023,Hilly,29881,95.70188642987542,38.262342754490476
Shaoyang,2024,Hilly,31122,99.67652051372386,35.974401214184525
Shaoyang,2025,Hilly,31132,99.70854818563238,36.42713161860564
Shiyan,2020,Mountainous,36580,99.84714488481275,36.33431606527171
Shiyan,2021,Mountainous,31727,86.60061142046075,32.062552409680734
Shiyan,2022,Mountainous,36584,99.85806310732612,36.02818201711426
Shiyan,2023,Mountainous,36580,99.84714488481275,33.78889914478924
Shiyan,2024,Mountainous,36584,99.85806310732612,32.205291736807624
Shiyan,2025,Mountainous,36577,99.83895621792772,35.0687838824565
Suizhou,2020,Hilly,28646,99.77013095569797,35.99772485103682
Suizhou,2021,Hilly,27559,95.98425745332962,33.90430826690823
Suizhou,2022,Hilly,28646,99.77013095569797,37.185117030598406
Suizhou,2023,Hilly,28646,99.77013095569797,38.135680789871174
Suizhou,2024,Hilly,28646,99.77013095569797,38.10905451429937
Suizhou,2025,Hilly,28646,99.77013095569797,37.881654285637126
Tianmen,2020,Flat,24927,99.81580106515037,35.6282525549164
Tianmen,2021,Flat,22627,90.60585432266848,35.97334758435761
Tianmen,2022,Flat,24927,99.81580106515037,37.17231563139728
Tianmen,2023,Flat,24927,99.81580106515037,38.711309543022026
Tianmen,2024,Flat,24927,99.81580106515037,37.84516631313039
Tianmen,2025,Flat,24927,99.81580106515037,37.560970435015065
Wuhan,2020,Flat,71150,99.0436683046341,40.813472812163866
Wuhan,2021,Flat,57306,79.77226220471346,41.134114787077294
Wuhan,2022,Flat,71683,99.78562579172294,41.205777305728816
Wuhan,2023,Flat,71660,99.75360886451273,40.94374409699219
Wuhan,2024,Flat,71696,99.80372231579825,41.77800282148934
Wuhan,2025,Flat,71692,99.79815415454432,42.61180409740001
Xiangtan,2020,Transitional,50905,98.8465795452339,42.134133841875666
Xiangtan,2021,Transitional,50701,98.45045534864755,41.33082467862408
Xiangtan,2022,Transitional,51271,99.55727295675644,42.70464211211129
Xiangtan,2023,Transitional,51162,99.34561836152159,38.47027153537698
Xiangtan,2024,Transitional,51287,99.5883415211946,40.504487176472765
Xiangtan,2025,Transitional,51302,99.61746830035536,40.23640618583062
Xiangxi,2020,Mountainous,17828,79.68177348708322,32.289947021042735
Xiangxi,2021,Mountainous,18528,82.81040493429875,32.155082766593296
Xiangxi,2022,Mountainous,22330,99.80334316617503,35.006501587669504
Xiangxi,2023,Mountainous,22108,98.8111200500581,35.440780941728804
Xiangxi,2024,Mountainous,22325,99.78099579869492,34.62333285466872
Xiangxi,2025,Mountainous,22289,99.62009475283811,37.88415182825207
Xiangyang,2020,Transitional,36696,99.84219404690646,37.51772129673486
Xiangyang,2021,Transitional,36694,99.83675246231702,39.15740967002915
Xiangyang,2022,Transitional,36713,99.88844751591664,37.76386798735649
Xiangyang,2023,Transitional,36708,99.87484355444305,38.29711507784242
Xiangyang,2024,Transitional,36697,99.84491483920117,36.94338098876699
Xiangyang,2025,Transitional,36706,99.86940196985363,41.20595451607153
Xianning,2020,Hilly,28129,99.86863594404602,35.887247568746886
Xianning,2021,Hilly,28124,99.85088404459277,39.75428808477926
Xianning,2022,Hilly,28133,99.88283746360861,40.17070098741692
Xianning,2023,Hilly,28133,99.88283746360861,37.92764568246264
Xianning,2024,Hilly,28133,99.88283746360861,40.38684516140262
Xianning,2025,Hilly,28133,99.88283746360861,40.76244398379953
Xiantao,2020,Flat,25175,99.86512753381729,36.21904594526791
Xiantao,2021,Flat,15664,62.136538537823796,38.250857336312606
Xiantao,2022,Flat,25175,99.86512753381729,38.82968590319689
Xiantao,2023,Flat,25175,99.86512753381729,39.99713483527188
Xiantao,2024,Flat,25175,99.86512753381729,38.25445126254618
Xiantao,2025,Flat,25175,99.86512753381729,39.36787911828719
Xiaogan,2020,Transitional,25090,96.61147477859068,39.13914670262022
Xiaogan,2021,Transitional,18493,71.20908740854833,37.87977167645164
Xiaogan,2022,Transitional,25929,99.84212552945706,38.0028960949046
Xiaogan,2023,Transitional,25929,99.84212552945706,40.592652297854954
Xiaogan,2024,Transitional,25929,99.84212552945706,39.01806939011459
Xiaogan,2025,Transitional,25929,99.84212552945706,39.669136025328044
Xinyu,2020,Transitional,20095,71.45905195405568,38.44317428049112
Xinyu,2021,Transitional,28074,99.83286511859465,38.472730515287424
Xinyu,2022,Transitional,28077,99.84353330251413,41.28285246833531
Xinyu,2023,Transitional,28077,99.84353330251413,35.62997286767177
Xinyu,2024,Transitional,28077,99.84353330251413,40.50941353626246
Xinyu,2025,Transitional,28075,99.83642117990115,40.94200098840929
Yichang,2020,Mountainous,33692,99.86069533773971,36.59159978738427
Yichang,2021,Mountainous,29367,87.04170248080855,35.90472854975184
Yichang,2022,Mountainous,33701,99.88737069859806,35.699167630855186
Yichang,2023,Mountainous,33668,99.78956104211744,35.209880142670215
Yichang,2024,Mountainous,33701,99.88737069859806,39.428920365387114
Yichang,2025,Mountainous,33421,99.05747058300484,37.78913406371595
Yichun,2020,Hilly,23759,87.82390123091709,37.3388556982116
Yichun,2021,Hilly,26387,97.53816582264444,38.41593109170958
Yichun,2022,Hilly,27013,99.85214209145012,40.36538988446199
Yichun,2023,Hilly,26693,98.66927882305104,37.6948220704308
Yichun,2024,Hilly,26973,99.70428418290024,39.427313419516224
Yichun,2025,Hilly,27013,99.85214209145012,39.3798608266394
Yingtan,2020,Hilly,31711,99.8582944955284,37.38448993792531
Yingtan,2021,Hilly,31646,99.65360876684721,37.3770365147829
Yingtan,2022,Hilly,31711,99.8582944955284,43.480640598174205
Yingtan,2023,Hilly,31705,99.83940042826552,41.14417125060049
Yingtan,2024,Hilly,31711,99.8582944955284,41.245260907502825
Yingtan,2025,Hilly,31711,99.8582944955284,39.74830541370284
Yiyang,2020,Transitional,19811,66.97430696416498,34.110052145362715
Yiyang,2021,Transitional,26077,88.15753887762001,37.716887005181604
Yiyang,2022,Transitional,29539,99.86139283299526,39.42757168531301
Yiyang,2023,Transitional,28654,96.86950642325895,37.68544313333467
Yiyang,2024,Transitional,29458,99.58755916159568,37.49735423790486
Yiyang,2025,Transitional,29539,99.86139283299526,40.670206226847256
Yongzhou,2020,Hilly,21169,96.43312682215743,40.28654797191649
Yongzhou,2021,Hilly,21923,99.86789358600583,40.02040848172334
Yongzhou,2022,Hilly,21925,99.87700437317784,42.010730694174754
Yongzhou,2023,Hilly,21912,99.81778425655978,40.2200940174165
Yongzhou,2024,Hilly,21925,99.87700437317784,36.23222148324237
Yongzhou,2025,Hilly,21925,99.87700437317784,38.32594767920551
Yueyang,2020,Flat,30756,99.87984282142045,36.79819029776826
Yueyang,2021,Flat,27126,88.09144935537297,36.161362851250885
Yueyang,2022,Flat,30756,99.87984282142045,37.141312563004306
Yueyang,2023,Flat,30756,99.87984282142045,37.78696027106906
Yueyang,2024,Flat,30756,99.87984282142045,35.951218255554124
Yueyang,2025,Flat,30756,99.87984282142045,38.74550956204354
Zhangjiajie,2020,Mountainous,19474,89.90766389658357,33.875266882455605
Zhangjiajie,2021,Mountainous,18466,85.2539242843952,34.74951697852492
Zhangjiajie,2022,Mountainous,21606,99.75069252077562,33.23059175039157
Zhangjiajie,2023,Mountainous,18893,87.2253000923361,34.4036553972731
Zhangjiajie,2024,Mountainous,21311,98.3887349953832,35.233394431021054
Zhangjiajie,2025,Mountainous,19783,91.3342566943675,33.0732353367012
Zhuzhou,2020,Transitional,55320,98.79806404371975,41.99609586774619
Zhuzhou,2021,Transitional,55178,98.54446091475721,41.19866555706909
Zhuzhou,2022,Transitional,55758,99.58030468094225,42.43886770170673
Zhuzhou,2023,Transitional,55648,99.38385155287268,38.38683557030134
Zhuzhou,2024,Transitional,55777,99.61423749397245,40.28883251008233
Zhuzhou,2025,Transitional,55791,99.63924061936314,40.1430125906017
