city,province,stratum,unique_roi_cells,unique_roi_lst_mean_c,unique_roi_dem_mean_m,unique_roi_slope_mean_deg,full_roi_total_cells,full_roi_quality_valid_cells,urban_cells,strict_rural_cells,broad_rural_cells,conservative_rural_cells,urban_mean_lst_k,urban_median_lst_k,urban_mean_dem_m,strict_rural_mean_dem_m,elevation_match_abs_dem_median_m,elevation_match_abs_dem_q95_m,elevation_match_rural_bands,rural_strict_mean_lst_k,city_suhi_strict_mean_k,rural_strict_median_lst_k,city_suhi_strict_median_k,rural_broad_mean_lst_k,city_suhi_broad_mean_k,rural_conservative_mean_lst_k,city_suhi_conservative_mean_k,rural_elevation_matched_lst_k,city_suhi_elevation_matched_k,annual_average_max_error_k,valid_six_year_cells,valid_five_year_cells,valid_four_year_cells,clear_observations_median,clear_observations_q25,clear_observations_q75,full_roi_lst_mean_c
Changde,Hunan,Transitional,27968,37.56650203054852,51.14315514731488,4.313194626397977,28563,27968,2175,5395,8626,2452,316.39713057384967,316.97745356,35.15251950526333,69.44710075328696,9.179076261161429,12.153054245218469,3,309.30713191891454,7.08999865493513,309.29459910500003,7.102531468849634,309.3740271047437,7.02310346910599,308.94727698643703,7.449853587412633,308.63343289855675,7.763697675292917,0.0,26357,1526,85,18.0,16.0,19.0,37.56650203054852
Changsha,Hunan,Transitional,52928,42.184547693104776,64.4475583087095,6.744172420458522,58390,58277,8849,5984,10641,2636,320.2850291605258,320.70936173,56.538278866538086,95.50608687453412,7.115646445836923,11.956484563033904,11,311.9008222001648,8.384206960361041,311.904827045,8.380202115525833,311.9693449215419,8.31568423898392,311.0265349079378,9.258494252588036,312.5047198520628,7.780309308463018,0.0,57443,824,10,46.0,28.0,53.0,42.12989290695669
Chenzhou,Hunan,Hilly,25209,35.620372631592886,345.02878243779384,15.090542260166323,27714,25209,1185,8131,14031,6620,314.8102807177266,315.42168479,199.5153806725777,470.4966712662225,6.002481778793566,11.878263764066425,12,306.7607507369362,8.049529980790396,307.316135195,7.494145522726569,307.09937229066054,7.710908427066045,306.2018701666315,8.608410551095062,308.8660946821757,5.944186035550899,0.0,15982,7296,1931,19.0,16.0,21.0,35.620372631592886
Enshi,Hubei,Mountainous,19834,33.29880475451,754.4727194949239,21.74338865538417,23284,19834,977,6884,10789,5060,313.15557618826097,313.5614274050001,447.4333909552941,890.939132708295,6.699116528232025,11.8903288723934,7,305.0999575726319,8.055618615629044,305.0309324735,8.124643714760964,305.10133049052985,8.054245697731119,304.8235525312087,8.332023657052275,306.189081959126,6.96649422913498,0.0,18469,1145,220,18.0,15.0,20.0,33.29880475451
Ezhou,Hubei,Transitional,11801,40.117386772406974,29.2938128146516,4.242250226482886,32732,32687,1026,3177,5763,915,317.4995581138421,318.95919307249994,30.01844615497684,60.03349321156358,5.548157798600043,11.498739884306593,5,312.120593439576,5.378964674266115,312.14807613500005,5.35148197884206,312.27912412693803,5.220433986904084,310.9408902435115,6.558667870330623,312.53564369997207,4.963914413870043,0.0,32360,327,0,29.0,26.0,56.0,39.99667766007531
Fuzhou,Jiangxi,Hilly,29295,39.48281783347227,53.922103955255935,3.836400819018952,29342,29295,1687,7963,13167,4462,317.37862104967155,318.240127115,44.053751374973785,64.39177611310403,8.70372591971065,12.160672286089872,3,311.14226841410334,6.23635263556821,311.07738137,6.301239679671596,311.3227019613137,6.055919088357825,310.6034174365231,6.775203613148449,311.5521040545842,5.826516995087332,0.0,28562,732,1,27.0,25.0,47.0,39.48281783347227
Ganzhou,Jiangxi,Hilly,44971,38.11085211619189,212.0949976890465,14.557866680819036,45029,44971,3887,12257,21576,10443,317.5831413451199,318.05185118,124.53538947717958,265.6568669315012,5.919917788036315,11.765879991262905,4,308.52608718348955,9.057054161630331,308.43126422,9.15187712511988,308.62377150724336,8.959369837876523,308.23019829341814,9.352943051701743,311.7160169376487,5.867124407471181,0.0,41673,3214,84,27.0,20.0,33.0,38.11085211619189
Hengyang,Hunan,Transitional,30911,40.76806927717013,91.64577083667508,7.460779998103113,30984,30911,2573,5880,9645,2736,319.2298692932861,319.834633445,73.1573199797299,130.64448641397084,6.676123195659095,11.756835550241354,4,311.5354057479536,7.694463545332496,311.5432290125,7.686640280786094,311.5774980591664,7.652371234119698,310.1401301472089,9.089739146077193,312.78422717555856,6.445642117727516,0.0,29997,871,43,42.0,25.0,49.0,40.76806927717013
Huaihua,Hunan,Mountainous,21668,35.32882981938275,375.0385764797708,16.831244536638764,21772,21668,736,8047,13511,6791,318.1269103496542,318.624654365,247.73346984242875,435.1819753107822,5.647826080649935,11.840028153585038,7,306.25148022042976,11.875430129224467,306.415543892,11.711366457654208,306.53553468660084,11.591375663053384,305.8420306537361,12.284879695918107,308.5865897132274,9.540320636426827,0.0,16667,4403,598,16.0,14.0,17.0,35.32882981938275
Huanggang,Hubei,Hilly,16789,39.72948573931643,26.85342051524241,3.0774512265162857,32732,32687,1077,3177,5763,915,316.2086458112117,317.483035685,27.07208893500713,60.03349321156358,4.218046320862836,11.000962001408606,6,312.120593439576,4.088052371635683,312.14807613500005,4.060569676211628,312.27912412693803,3.929521684273652,310.9408902435115,5.267755567700192,312.57910362388697,3.629542187324717,0.0,32360,327,0,29.0,26.0,56.0,39.99667766007531
Huangshi,Hubei,Mountainous,37837,39.727566114764784,74.44477911349158,8.387344408791968,41670,41613,3374,6310,10684,3375,316.9107172429075,317.8312464725,41.37326671647318,150.53132784208063,5.716323551379116,11.835271114304186,16,310.71761284489287,6.193104398014611,310.8701639075,6.0405533354074805,310.8988754141318,6.011841828775687,309.4054745931876,7.505242649719889,312.22105328532024,4.689663957587243,0.0,40669,939,5,25.0,24.0,27.0,39.782767593937706
Ji'an,Jiangxi,Hilly,38585,38.38272164977167,104.11042933424186,7.810335707282666,38630,38585,1680,10753,18685,7220,316.0491508293947,316.8703556,61.87098376295854,123.43674692036986,5.07746718027737,11.86651695256344,7,310.4329112779157,5.616239551478998,310.54929728,5.499853549394686,310.36358679904265,5.685564030352055,309.8867699259259,6.162380903468829,311.2151977718401,4.833953057554595,0.0,36638,1947,0,26.0,24.0,34.0,38.38272164977167
Jingdezhen,Jiangxi,Hilly,28625,36.34587300585645,115.23834500754192,15.48689689426815,28675,28625,1601,10408,17646,9208,315.9075138123473,316.55191007,49.16114648213991,136.41193359179462,7.198212796398053,11.951855336684268,5,308.21693562786345,7.690578184483854,308.17206437,7.735449442347317,308.23301836913873,7.674495443208571,308.00908933075635,7.898424481590951,309.0989511206418,6.808562691705504,0.0,19178,8774,673,34.0,21.0,42.0,36.34587300585645
Jingmen,Hubei,Transitional,28214,36.32775087107041,119.6667688277778,6.0708635318273,28259,28214,1293,6410,10618,2705,315.70293494436544,316.14630503,107.5261169255268,144.75230128120717,6.276577985917811,11.854063723919664,7,307.74717368538245,7.955761258982989,307.737121325,7.965813619365463,307.8254221869255,7.877512757439945,306.5929848826091,9.109950061756363,308.39059862818993,7.312336316175504,0.0,14332,13864,18,32.0,19.0,36.0,36.32775087107041
Jingzhou,Hubei,Flat,31201,36.7978516484705,34.36512646944688,2.9048625249606053,31255,31201,2485,5622,9231,1174,314.7255071529666,315.726743075,35.05267782063171,35.495132405291336,7.980804165251321,11.976584970392835,2,308.8595021872895,5.866004965677121,308.5518918425,6.173615310466573,308.93350384901106,5.792003303955539,308.3665076863458,6.358999466620787,308.8672856575457,5.858221495420878,0.0,23259,7866,76,16.0,14.0,17.0,36.7978516484705
Jiujiang,Jiangxi,Flat,35543,38.46450834096351,104.85088503181228,7.397088625963871,35675,35543,2562,6041,11212,3593,318.66457747008434,319.9415889875,38.32223228351128,164.9758263595328,6.525622969374759,11.9840819745302,9,310.0400478419008,8.624529628183552,310.27984337,8.384734100084358,309.83770469224453,8.82687277783981,308.8650988105319,9.799478659552449,311.71174398236826,6.952833487716077,0.0,34214,1138,191,62.0,53.0,68.0,38.46450834096351
Loudi,Hunan,Transitional,23249,37.99232345596414,170.51483217307592,11.171111419185957,23286,23249,1133,4508,7653,2917,317.9934237029929,317.989472315,126.6292940969958,230.86566719532087,6.147887312397032,11.727730591926909,5,308.83909705133334,9.154326651659574,308.980141265,9.013282437992927,308.96413306160014,9.029290641392777,308.0483209142928,9.945102788700126,310.7515821634657,7.241841539527229,0.0,21718,1475,56,21.0,19.0,22.0,37.99232345596414
Nanchang,Jiangxi,Flat,54252,40.37235462887753,55.059984619637646,5.047116756135581,54332,54252,9267,9547,16817,4437,318.7851139230972,319.28746541000004,26.02671200315475,91.34297938152604,5.083514319628314,10.92492849640723,4,310.8803089294279,7.904804993669245,310.836126125,7.948987798097164,310.72354262940974,8.061571293687393,309.8313397395748,8.953774183522398,311.665359080736,7.1197548423611465,0.0,47048,7139,65,34.0,25.0,45.0,40.37235462887753
Pingxiang,Jiangxi,Hilly,38358,38.33254654866141,228.57135125978812,14.257782229504912,38441,38358,2311,9921,17178,7771,318.2403318363046,318.40162856,122.73796832163195,339.3755495430634,6.276444151844999,11.801615257958268,9,308.5295928134656,9.71073902283905,308.55630678500006,9.68402505130456,308.846774936849,9.393556899455632,307.8658763445736,10.374455491731055,312.0101629613804,6.2301688749242885,0.0,36974,1237,147,43.0,28.0,49.0,38.33254654866141
Qianjiang,Hubei,Flat,20115,37.89336209929701,31.92674474258848,3.1773901274015133,20712,20677,534,3826,6513,867,317.2747236880056,317.78097309500004,35.05293536000347,31.07560307247221,9.270884332680534,12.16230570836876,2,310.0045386989574,7.270184989048175,309.76115883500006,7.513564853005505,310.26419101981713,7.010532668188432,310.14495073761765,7.129772950387917,310.132814187574,7.141909500431552,0.0,14994,5486,197,38.0,16.0,42.0,37.888596444489394
Shangrao,Jiangxi,Hilly,50088,39.062247062422216,161.47857515781536,12.893655275320562,50372,50088,2781,12371,22709,9556,317.4896869765739,317.967767888,96.31627192411143,245.0687116004153,6.268787476937703,11.854219529755284,6,310.2631298503742,7.226557126199737,310.11919643,7.370490546573933,310.5220889462458,6.9675980303281335,309.75116917437043,7.738517802203489,313.994751881636,3.494935094937944,0.0,44335,5338,415,24.0,23.0,26.0,39.062247062422216
Shaoyang,Hunan,Hilly,31115,36.32180222515677,307.7482613288889,10.271143146514245,31223,31115,1828,7667,12417,5422,315.20851337225656,315.69455672,241.73604146963496,423.4069962087501,6.117471244013501,12.138866786416113,5,307.0116545154058,8.196858856850781,307.3625633,7.845950072256585,307.545989412744,7.662523959512555,306.3346004672228,8.873912905033762,308.66630935211685,6.542204020139707,0.0,28225,2793,97,18.0,16.0,19.0,36.32180222515677
Shiyan,Hubei,Mountainous,36581,34.29148975792333,430.0719734520884,23.565369660797483,36636,36581,2635,11342,20754,9921,313.7474449173355,313.633205825,279.7526418484786,522.9758858737282,6.312306418959963,11.89496105521406,14,306.1260167062493,7.621428211086197,306.2396013125,7.5078436048355,306.2224796451403,7.524965272195175,305.81318591905125,7.9342589982842355,308.10117605133854,5.646268865996944,0.0,31721,4854,6,45.0,37.0,56.0,34.29148975792333
Suizhou,Hubei,Hilly,28646,36.88794767480511,97.67332579626031,6.373334767319268,28712,28646,1364,7086,12418,3182,315.6959253479985,316.1364782225,74.71245898734034,112.55282082224556,5.874208595126547,11.861212792875037,4,308.9545730427837,6.741352305214832,308.9500911725,6.745834175498544,309.1055147918469,6.590410556151653,308.57968656456444,7.116238783434085,309.4982121731573,6.197713174841226,0.0,27559,1087,0,44.0,42.0,47.0,36.88794767480511
Tianmen,Hubei,Flat,24372,37.177818484801605,31.838847920527883,3.1719944397615376,24973,24927,901,5900,9833,1737,316.3132666449811,316.851442556,30.88353316869055,34.05373742672162,5.869961931987088,9.455649100725374,2,309.33851722466915,6.97474942031198,309.07954868,7.2337179649811105,309.2132817106107,7.099984934370411,309.3812296778808,6.932036967100316,309.4599352812629,6.853331363718212,0.0,22627,2300,0,40.0,37.0,44.0,37.17557151929765
Wuhan,Hubei,Flat,71630,41.4153955283665,28.92308697331763,3.487267055851645,71837,71666,14453,5092,8709,1259,317.96220377334186,318.943669565,29.81535283098989,34.58195935235883,4.457119769194037,11.47884811391144,5,312.5045119079079,5.457691865433958,312.323762363,5.638441410341841,312.6439109734345,5.31829279990734,311.80383887493366,6.158364898408195,312.55043896667786,5.411764806663996,0.0,57066,14290,310,27.0,24.0,50.0,41.41333674638776
Xiangtan,Hunan,Transitional,22728,41.16821876067581,65.21006417137025,6.278629597890888,51499,51257,2859,7536,13736,3431,320.5654235558111,320.93295720500004,57.315346289250456,90.73442609844582,6.281577227939295,11.868034185018388,5,311.5622338719435,9.003189683867618,311.50620046250003,9.05922309331106,311.5991251005006,8.966298455310493,310.9373746483538,9.628048907457298,312.2650762134427,8.300347342368411,0.0,50266,909,82,26.0,24.0,28.0,40.89586651307951
Xiangxi,Hunan,Mountainous,22325,34.76631948498135,391.5353730129954,25.007654606810107,22374,22325,538,9181,15588,8272,315.1810864655725,316.111839995,243.18714134561228,464.0426617311363,5.514307878993151,11.830210710192992,10,306.68296396965314,8.498122495919347,306.65275448,8.528331985572493,306.95882786336443,8.222258602208058,306.5407534084624,8.640333057110126,307.62178728812853,7.559299177443961,0.0,14737,6619,969,29.0,24.0,33.0,34.76631948498135
Xiangyang,Hubei,Transitional,36710,38.48061108020107,92.8621205084286,4.175396849433662,36754,36710,3720,8781,15096,4671,315.1229638081032,316.058860685,73.29195065417488,105.61479071499107,5.51851179803365,11.270076249479894,5,310.4284134357506,4.69455037235258,310.60740362,4.515560188103223,310.7558412481048,4.36712255999845,310.58512947421644,4.537834333886735,310.124755924875,4.99820788322819,0.0,36665,35,10,41.0,25.0,47.0,38.48061108020107
Xianning,Hubei,Hilly,28133,39.14836437739558,76.15129579437249,8.089538007419451,28166,28133,1329,7405,12644,4896,319.6723888999909,319.99556521999995,45.22523091268236,117.76516883447228,5.896434355380691,11.754925810125853,7,311.0924617080894,8.579927191901561,311.3445566,8.327832299990973,311.2836131330937,8.388775766897254,310.62001152479166,9.052377375199285,312.23662260201723,7.435766297973714,0.0,28120,13,0,56.0,32.0,72.0,39.14836437739558
Xiantao,Hubei,Flat,25175,38.4741608368833,27.148279508676787,2.911597384482587,25209,25175,1334,4039,6696,667,317.1161082060233,317.7711462875,30.93088486256948,26.769382635832915,5.513979027394708,12.343555077366464,1,310.526660323379,6.589447882644265,310.067071625,7.0490365810233016,310.56098939943007,6.555118806593214,311.74249116583206,5.37361704019122,310.5266603233791,6.589447882644208,0.0,15664,9511,0,27.0,25.0,30.0,38.4741608368833
Xiaogan,Hubei,Transitional,25920,39.12130295160023,31.53298902375979,2.673511701651609,25970,25929,1353,4170,7296,703,318.30896459783594,318.719732288,29.526539545029586,34.52475975478807,3.5873353070427783,11.104331915459058,2,310.83857449015755,7.470390107678384,310.81533317,7.493631427835965,310.67592236577303,7.633042232062905,310.3951442133464,7.913820384489554,310.61736092316124,7.691603674674695,0.0,18200,7183,546,46.0,26.0,50.0,39.121930089224406
Xinyu,Jiangxi,Transitional,28076,39.288571349012216,90.07771420813144,7.463336764660364,28121,28076,1880,8531,14365,5976,320.80650873686227,321.15256499000003,61.48878529223268,107.023287641132,4.744414890253953,11.446188897696636,6,310.6833633016089,10.123145435253376,310.33738004,10.4691286968623,310.8091903111183,9.99731842574397,310.1727468684924,10.633761868369843,311.50343538988545,9.303073346976817,0.0,20093,7982,1,26.0,24.0,28.0,39.288571349012216
Yichang,Hubei,Mountainous,33701,36.742853762374125,236.3287790923146,16.955577689893264,33739,33701,2519,8548,14914,6710,314.0818148439698,315.004971185,88.26618225988176,384.384120592126,6.303851566775464,11.93247474285969,8,307.167306758242,6.914508085727846,306.64933646,7.432478383969851,307.61972735514905,6.462087488820771,306.49354222969885,7.588272614270977,312.21405808961833,1.8677567543514897,0.0,29132,4482,87,34.0,21.0,40.0,36.742853762374125
Yichun,Jiangxi,Hilly,26963,38.741857017831535,180.8077284922467,13.143671703155274,27053,26963,1947,8784,14467,6794,319.01328370714174,319.52159978000003,112.44802316712423,248.4336615877027,6.746940401271431,11.979135701340033,6,309.59620293874747,9.417080768394271,309.8373521975,9.175931509641714,309.94680762143946,9.066476085702275,309.0958903523502,9.917393354791557,311.1864920831789,7.8267916239628335,0.0,23163,3503,297,24.0,22.0,25.0,38.741857017831535
Yingtan,Jiangxi,Hilly,31711,40.06286292214992,57.792236708499686,5.500144555805423,31756,31711,1268,9180,15251,5991,318.4042534448123,319.020575015,40.189367610731765,80.43629263374442,6.783996793011621,11.831698710592931,4,311.1264951091278,7.277758335684496,310.9279854125,7.476268032312305,311.7032810561781,6.70097238863417,310.7160560345638,7.688197410248506,311.72957314782815,6.67468029698415,0.0,31640,71,0,73.0,64.0,77.0,40.06286292214992
Yiyang,Hunan,Transitional,29532,38.08446323520264,62.75545487340424,6.869653639828147,29580,29532,2084,5519,9434,2529,314.8062073218769,314.59281494000004,47.071868313575735,92.0666601505956,9.073511523105411,12.144221937924156,5,309.6568929317567,5.149314390120196,309.8463245,4.959882821876931,309.7298790880061,5.076328233870811,308.55813873920164,6.248068582675273,310.6982130491356,4.107994272741337,0.0,17309,10311,1912,17.0,14.0,37.0,38.08446323520264
Yongzhou,Hunan,Hilly,21925,39.51387660422438,139.83981751721296,6.647524170214975,21952,21925,871,5971,10179,3309,319.26156046795063,320.1402614,118.42875807096809,152.29754923882226,5.685650508012344,11.624479831114757,4,311.5005676225929,7.760992845357748,311.564734055,7.696826412950656,311.7169123151426,7.544648152808008,311.1007013597725,8.160859108178158,311.700505212029,7.561055255921644,0.0,21154,771,0,22.0,20.0,35.0,39.51387660422438
Yueyang,Hunan,Flat,30756,37.1327381219146,45.89416492389547,5.124275334868365,30793,30756,2458,4297,6914,2065,315.3912580617323,316.598907845,38.24974696936623,75.86787638965828,4.589591319163132,11.66631414794778,4,310.70473132189227,4.686526739840019,310.75096046,4.6402976017323,310.6797236302291,4.711534431503196,310.30271607568426,5.088541986048028,311.0729345537848,4.318323507947468,0.0,27126,3630,0,30.0,28.0,54.0,37.1327381219146
Zhangjiajie,Hunan,Mountainous,20940,34.01933713809683,468.9750172547229,21.55689821798544,21660,20940,477,7970,13463,6937,316.9967111528365,317.88778622,182.07147471776543,559.894692816604,6.386464857071218,11.80703812425994,7,305.5867113421617,11.409999810674776,305.540872574,11.455838578836506,305.59594438773667,11.400766765099831,305.2891560666272,11.707555086209368,309.7606608123589,7.236050340477618,0.0,14370,5114,1456,15.0,12.0,17.0,34.01933713809683
Zhuzhou,Hunan,Transitional,28020,40.30185287888253,79.57071269042746,9.480971055866208,55993,55741,3037,8240,15479,3835,319.3780512683991,320.06449529,60.9691694652627,88.72714486169828,6.407239664098029,11.79154913350352,6,311.56659290756767,7.811458360831409,311.51773628,7.860314988399068,311.5916958655536,7.786355402845459,310.9447340447262,8.433317223672873,312.1828238447915,7.195227423607548,0.0,54673,985,83,26.0,25.0,28.0,40.74103651192445
