model,quantity_basis,budget_fraction,stratum,n_cities,uniform_eligible_core_cooling_k,uniform_eligible_core_cooling_k_ci_low,uniform_eligible_core_cooling_k_ci_high,priority_eligible_core_cooling_k,priority_eligible_core_cooling_k_ci_low,priority_eligible_core_cooling_k_ci_high,difference_k,difference_k_ci_low,difference_k_ci_high,relative_difference_pct,relative_difference_pct_ci_low,relative_difference_pct_ci_high
cooling_alternate18_loco_k,ndvi_uplift,0.25,Flat,8,0.4441489813995964,0.4088125778859417,0.4837732766323779,0.434642869310537,0.3932944457200594,0.4800056882976689,-0.00950611208905944,-0.02816416905712795,0.008228599688474688,-2.2337641136382262,-6.5056172269206805,1.849745237651316
cooling_alternate18_loco_k,ndvi_uplift,0.25,Hilly,14,0.45915258397928893,0.4294888146983096,0.4884941467899214,0.4339877495452197,0.4025481666306227,0.4687173120589944,-0.025164834434069253,-0.040260824738124784,-0.009699755961404195,-5.477868490964633,-8.911538002092762,-1.9588839730848953
cooling_alternate18_loco_k,ndvi_uplift,0.25,Mountainous,7,0.42430206130576825,0.3403974983810923,0.5185080461909418,0.41015522890058564,0.3440660698813059,0.4855107293294236,-0.014146832405182599,-0.03436317247228647,0.005547720090696187,-1.842393021593108,-5.964373835964971,2.9851348407952996
cooling_alternate18_loco_k,ndvi_uplift,0.25,Transitional,12,0.41224323829508247,0.3837261083664847,0.44126983994389946,0.3821760094276278,0.36011610314683473,0.40481285636472775,-0.030067228867454634,-0.04511463905811323,-0.014821762649234294,-6.855968044465224,-10.201866118902371,-3.1790377288378417
cooling_alternate18_loco_k,ndvi_uplift,0.5,Flat,8,0.8882979627991928,0.8181860297643325,0.9675465532647558,0.876641406452886,0.7916372252469802,0.9742125067754781,-0.011656556346306784,-0.040795004045538,0.020798048218480983,-1.5254743519535512,-4.912376711945781,2.1036148083099793
cooling_alternate18_loco_k,ndvi_uplift,0.5,Hilly,14,0.9183051679585779,0.8586650312667745,0.9776382292660141,0.8855661721390902,0.8287268933607929,0.9489710973247153,-0.03273899581948756,-0.05257693292487756,-0.009955611364781508,-3.481711091297271,-5.7929040343646765,-0.8186592493655742
cooling_alternate18_loco_k,ndvi_uplift,0.5,Mountainous,7,0.8486041226115365,0.6827995135447392,1.0370168243472573,0.8348720604073046,0.675104906051423,1.0152510502688028,-0.013732062204231954,-0.029923613361785287,0.002606325533340168,-1.3091765392938153,-3.270671846858921,0.8571081633328522
cooling_alternate18_loco_k,ndvi_uplift,0.5,Transitional,12,0.8244864765901649,0.7670750755016209,0.8827597711260551,0.7920994994251801,0.7427448501646515,0.8428275682536667,-0.0323869771649849,-0.05311946465531341,-0.011352613049676967,-3.671285955344698,-6.088215202013561,-1.1524726502277427
cooling_alternate18_loco_k,vegetation_cover,0.25,Flat,8,0.4441489813995964,0.40932130442183434,0.4834312865117515,0.5222758113549384,0.4511056709137865,0.6089730541966745,0.07812682995534193,0.03678447829111664,0.13343360203416527,16.599084428032103,8.35283832373279,26.787898748543043
cooling_alternate18_loco_k,vegetation_cover,0.25,Hilly,14,0.45915258397928893,0.4296596799959592,0.48822551052733004,0.5051566079743784,0.46875531911558854,0.5460257160358757,0.04600402399508945,0.02448559302460191,0.06911768964423919,10.168899869015842,5.293485604036729,15.510770385291242
cooling_alternate18_loco_k,vegetation_cover,0.25,Mountainous,7,0.42430206130576825,0.3417825796087305,0.5158913977782557,0.5019865087537275,0.4132071220217435,0.6051319062436705,0.07768444744795922,0.0579758709214968,0.0991908148139997,19.204219572345348,14.438687292679878,24.10868056555281
cooling_alternate18_loco_k,vegetation_cover,0.25,Transitional,12,0.41224323829508247,0.3831690325357696,0.4408727477800199,0.45271924670122726,0.42819069822082645,0.4800660653342188,0.040476008406144716,0.023311666352174725,0.05929880399453088,10.533478870349557,5.64918190994272,16.20401993425684
cooling_alternate18_loco_k,vegetation_cover,0.5,Flat,8,0.8882979627991928,0.8188548640621823,0.9687087102978155,0.9928185253919785,0.8798061695800095,1.1260907538844143,0.10452056259278562,0.05129212344585485,0.1709041098588334,11.166895723233512,5.808993807081672,17.417116370026605
cooling_alternate18_loco_k,vegetation_cover,0.5,Hilly,14,0.9183051679585779,0.8574646108196025,0.9759641603949303,1.004297406082838,0.9385834591017246,1.0766951166375287,0.08599223812426023,0.05807713808336561,0.1156195721951124,9.472919549105683,6.303799490393814,12.90974832942209
cooling_alternate18_loco_k,vegetation_cover,0.5,Mountainous,7,0.8486041226115365,0.6824767150825176,1.0374786331301995,0.9654176848248266,0.7770825000251566,1.1766614440361554,0.11681356221329008,0.08290952632057431,0.15883189648375642,14.00363404076518,10.664631225329263,18.682581529233943
cooling_alternate18_loco_k,vegetation_cover,0.5,Transitional,12,0.8244864765901649,0.7672015895454309,0.8840932783196973,0.8900884889872919,0.8389022126975599,0.9466005842437771,0.06560201239712697,0.04066881301132773,0.08892147903597734,8.381123532367397,4.939548397542666,11.729394417735294
cooling_elevation_loco_k,ndvi_uplift,0.25,Flat,8,0.44646225938140766,0.4148082909796049,0.48206058856799916,0.39514933379717865,0.37344886475731875,0.4163310177338718,-0.051312925584229015,-0.07233863786529307,-0.03127371076707615,-11.086352134041526,-15.007944729950154,-7.050047508275188
cooling_elevation_loco_k,ndvi_uplift,0.25,Hilly,14,0.4508329662586196,0.42280683936695806,0.4775861363989433,0.4119032785725761,0.3807099337433543,0.44580771341828485,-0.03892968768604356,-0.05620531949309168,-0.022063658958122047,-8.698485204080304,-12.521283904435847,-4.975527623827
cooling_elevation_loco_k,ndvi_uplift,0.25,Mountainous,7,0.4151045257442261,0.34629674267101385,0.4980271848975027,0.3842062756516046,0.32481374227218246,0.4507218772881837,-0.030898250092621527,-0.048981980869010996,-0.01687055509097753,-6.976461931209701,-9.474946065861968,-4.54129942157235
cooling_elevation_loco_k,ndvi_uplift,0.25,Transitional,12,0.41933149033263023,0.38759203877523346,0.4523176041600206,0.37537634300123895,0.34977448751969314,0.4025008689390908,-0.04395514733139125,-0.06015874711607448,-0.02891515237887248,-10.146147660057037,-13.266753958822106,-7.040448683024822
cooling_elevation_loco_k,ndvi_uplift,0.5,Flat,8,0.8929245187628153,0.8303331917165695,0.9624550423326643,0.8451606268505989,0.7795404270173802,0.9127211863420259,-0.04776389191221648,-0.07347002663538621,-0.02216493837371996,-5.338608735385186,-8.157830340642201,-2.4606823046489716
cooling_elevation_loco_k,ndvi_uplift,0.5,Hilly,14,0.9016659325172393,0.8448131080479729,0.954808596455038,0.8534411181569811,0.8011719958133744,0.9108274744241764,-0.04822481436025818,-0.06987785997090042,-0.024862632053477725,-5.251087455459449,-7.723088457465941,-2.6085511281915568
cooling_elevation_loco_k,ndvi_uplift,0.5,Mountainous,7,0.8302090514884523,0.6925934853420278,0.997018691893824,0.8063125083850547,0.6696611526495774,0.9663472693469625,-0.02389654310339759,-0.048608950186822215,-0.0004789018346691736,-2.9156586280754397,-5.940911226361243,-0.2266832563264924
cooling_elevation_loco_k,ndvi_uplift,0.5,Transitional,12,0.8386629806652605,0.7745186795396714,0.9048533567372357,0.7959076929586933,0.7373198642456062,0.8564389070901147,-0.04275528770656711,-0.06364813843794485,-0.021162525932917148,-4.916587124256547,-7.280858207008538,-2.4496796329578707
cooling_elevation_loco_k,vegetation_cover,0.25,Flat,8,0.44646225938140766,0.4148813720068275,0.4820816186565138,0.48138333377414577,0.43143048332048756,0.5417560768440275,0.03492107439273806,0.006530198514603764,0.07263594500365175,7.521593199997049,1.4398355922673438,15.085502357056026
cooling_elevation_loco_k,vegetation_cover,0.25,Hilly,14,0.4508329662586196,0.4225428168043931,0.4782118480233475,0.4802603184041571,0.44442921633584664,0.5216961374554757,0.02942735214553746,0.007155728358863433,0.05267683779548285,6.576466951705156,1.6218630251878383,11.738154011916642
cooling_elevation_loco_k,vegetation_cover,0.25,Mountainous,7,0.4151045257442261,0.3482471252553635,0.4979564372002691,0.47348295284457315,0.3941805744220695,0.5681738037560627,0.058378427100347,0.04145572086519644,0.08085399930038198,14.044673553518052,11.174991064886921,18.934544483312436
cooling_elevation_loco_k,vegetation_cover,0.25,Transitional,12,0.41933149033263023,0.3876760935386503,0.45320399071132145,0.4470644387110454,0.419412592871232,0.478449426723944,0.027732948378415112,0.011215122575630468,0.04600596360110956,7.220883800349932,2.834975345174993,12.280669591761196
cooling_elevation_loco_k,vegetation_cover,0.5,Flat,8,0.8929245187628153,0.8304501317102231,0.9620442929822893,0.963658883740981,0.8686372009031507,1.0679587452633421,0.07073436497816574,0.026009355023020497,0.12147101899108688,7.550011658140214,2.8565516046183017,12.512150798466104
cooling_elevation_loco_k,vegetation_cover,0.5,Hilly,14,0.9016659325172393,0.8463939064911902,0.9561056316339054,0.9728905570510422,0.9123758678120447,1.0408311181533414,0.07122462453380303,0.04316864175748639,0.0997221683624116,8.021276130421287,4.821698558325206,11.35705801320906
cooling_elevation_loco_k,vegetation_cover,0.5,Mountainous,7,0.8302090514884523,0.696494250510727,0.9982313030697744,0.9348539728188595,0.7728502151343927,1.1260516663073319,0.10464492133040722,0.06571066398696661,0.15349101095179235,12.429649800578213,8.785535283645586,17.913758801507374
cooling_elevation_loco_k,vegetation_cover,0.5,Transitional,12,0.8386629806652605,0.7744008162462634,0.9074026584222533,0.8969159196091456,0.8344089924746712,0.9650103884250532,0.05825293894388512,0.033101385897079394,0.08253672345992487,7.26986179129231,3.940659227627418,10.76169809295493
cooling_full23_loco_k,ndvi_uplift,0.25,Flat,8,0.44331514869841027,0.4146228386194139,0.4755270111391972,0.40290148048258245,0.3821222436116164,0.42230839155651223,-0.04041366821582781,-0.057346438232336344,-0.02066176402167498,-8.761609408345093,-12.128787640516066,-4.528323850151849
cooling_full23_loco_k,ndvi_uplift,0.25,Hilly,14,0.45400102289939215,0.42847738337216357,0.4802429906198958,0.4221187716435164,0.3924020520379129,0.4580327859096714,-0.03188225125587575,-0.04795352761808841,-0.015984959838581978,-7.1447057909299945,-10.660626073707524,-3.778052649206535
cooling_full23_loco_k,ndvi_uplift,0.25,Mountainous,7,0.4231112065853485,0.35182621467332964,0.5044302698104527,0.39457414591812656,0.3370046409011411,0.45676258246413387,-0.02853706066722201,-0.05318502711085046,-0.009912980371869332,-5.899670495528567,-9.717124855010864,-2.49200701953142
cooling_full23_loco_k,ndvi_uplift,0.25,Transitional,12,0.41740214513332236,0.38698520876323633,0.4493667525394508,0.38041686550037407,0.355433616743272,0.405666847570788,-0.036985279632948384,-0.05243388281899081,-0.02259886686394694,-8.502033654277973,-11.682449338547583,-5.393545771715528
cooling_full23_loco_k,ndvi_uplift,0.5,Flat,8,0.8866302973968205,0.8292440550393191,0.9513109737040567,0.8514395638759706,0.7913204370816925,0.9141257528472096,-0.03519073352084981,-0.05659993827410451,-0.012180738434707766,-3.9405589045758758,-6.473383013733741,-1.2740483004767575
cooling_full23_loco_k,ndvi_uplift,0.5,Hilly,14,0.9080020457987843,0.8557572089104197,0.9587763344912278,0.870043477926122,0.8170681317475272,0.9290712231892556,-0.03795856787266238,-0.05665947124007382,-0.01816022169375347,-4.206684378410672,-6.276036598813445,-2.023273040567968
cooling_full23_loco_k,ndvi_uplift,0.5,Mountainous,7,0.846222413170697,0.6985492335501382,1.0060989999600547,0.8217639478010935,0.6813534002558098,0.9757263207608885,-0.024458465369603704,-0.052660043831562316,0.001676550382553222,-2.7225878414897116,-5.598259087849066,0.002183078801554466
cooling_full23_loco_k,ndvi_uplift,0.5,Transitional,12,0.8348042902666447,0.7725720151554928,0.8987265503845291,0.7986522805931217,0.7429890602438278,0.8556153080382053,-0.03615200967352325,-0.057587926178073935,-0.015298205114897254,-4.129467427532881,-6.571561482736951,-1.7357805274364062
cooling_full23_loco_k,vegetation_cover,0.25,Flat,8,0.44331514869841027,0.41494294221239847,0.47556239382077853,0.48887192181530414,0.4433599165429204,0.5439634171065557,0.045556773116893844,0.01914968297818118,0.07852407431197393,10.012847889149825,4.3149801993895744,16.677904850246968
cooling_full23_loco_k,vegetation_cover,0.25,Hilly,14,0.45400102289939215,0.42829519926318227,0.48013465240232384,0.49158396850727337,0.4578594865145172,0.5336809549099908,0.0375829456078811,0.016699344319525324,0.06115934313975037,8.22907516658824,3.758347010855297,13.104321658024029
cooling_full23_loco_k,vegetation_cover,0.25,Mountainous,7,0.4231112065853485,0.3531689829029283,0.5032835862168926,0.4849061176487893,0.40741874178096005,0.5697703265334806,0.06179491106344066,0.04581197620108984,0.08328927173729936,15.107865353104854,11.018991559144707,20.436430872953782
cooling_full23_loco_k,vegetation_cover,0.25,Transitional,12,0.41740214513332236,0.38757077634402304,0.4489265614540535,0.4526412131610853,0.4261382626722234,0.48246911770879247,0.03523906802776288,0.019034424940697382,0.052927678378150704,9.072425182727066,4.599103856121795,14.087222093392757
cooling_full23_loco_k,vegetation_cover,0.5,Flat,8,0.8866302973968205,0.8289234217217085,0.9503766217712518,0.9685069894486177,0.8791928916517756,1.0640343469435738,0.0818766920517972,0.03913824854715427,0.12806826173306615,8.940774419266411,4.307755735594801,13.644021385525223
cooling_full23_loco_k,vegetation_cover,0.5,Hilly,14,0.9080020457987843,0.8564068923550985,0.961969808713383,0.9896723186224249,0.930253039047434,1.0593988332323276,0.08167027282364027,0.05597010789537485,0.10874527215485909,8.999933998907663,6.206042151547215,11.870053535407152
cooling_full23_loco_k,vegetation_cover,0.5,Mountainous,7,0.846222413170697,0.7010095864325833,1.0064914804752128,0.9494743474605029,0.7876490736699072,1.125305173552306,0.10325193428980574,0.07159714109871028,0.1443420494785468,12.344580601185319,9.131766315992817,17.242336658656424
cooling_full23_loco_k,vegetation_cover,0.5,Transitional,12,0.8348042902666447,0.7737180385380256,0.8969938149082647,0.8980668076371029,0.8401084159627912,0.9611331763839234,0.06326251737045797,0.03843765435283499,0.08565062425625447,7.934634750990182,4.73398398697079,11.150679596427096
cooling_lst_loco_k,ndvi_uplift,0.25,Flat,8,0.4538309219151315,0.42345348596303467,0.48789260291436704,0.4152030483104594,0.3884249327649147,0.4412601561806312,-0.0386278736046721,-0.0575255022236293,-0.018176073674966726,-8.244652771729633,-11.969634863627087,-3.8709332462645336
cooling_lst_loco_k,ndvi_uplift,0.25,Hilly,14,0.4533113128334215,0.4230114863463533,0.4813689971835598,0.416240231066045,0.38438548798922917,0.4508690814603975,-0.037071081767376377,-0.05570479775648519,-0.0186347492954962,-8.124965495494793,-12.153315102855466,-4.145741364181781
cooling_lst_loco_k,ndvi_uplift,0.25,Mountainous,7,0.41295778105281805,0.34746342371578576,0.4871752902020698,0.38925749747360217,0.33503589133831163,0.45064794891940163,-0.02370028357921578,-0.04208192058655713,-0.006777795262834831,-5.070698374846096,-8.565888180166176,-1.1994791182625395
cooling_lst_loco_k,ndvi_uplift,0.25,Transitional,12,0.42667132736089664,0.39391605821129144,0.4594698546263719,0.3874215859263958,0.3599634422973795,0.4151395646257535,-0.039249741434500836,-0.054745930069639744,-0.024848594598679316,-8.917602445094282,-11.962755808218901,-5.966856164736617
cooling_lst_loco_k,ndvi_uplift,0.5,Flat,8,0.907661843830263,0.845524915884428,0.9732993764440029,0.8718812109820915,0.8042438276548358,0.938029874592212,-0.03578063284817163,-0.06271845217908176,-0.00877323096440145,-3.9385487253108185,-7.036940426442093,-0.9340400396772341
cooling_lst_loco_k,ndvi_uplift,0.5,Hilly,14,0.906622625666843,0.8435215373781267,0.9645338117646979,0.8600612393096388,0.8008338185672846,0.9237169779425027,-0.046561386357204006,-0.07037682393591461,-0.021116011538155177,-5.020047442557827,-7.669821867890452,-2.2211014959672744
cooling_lst_loco_k,ndvi_uplift,0.5,Mountainous,7,0.8259155621056361,0.6949268474315715,0.9748627576951827,0.80941502996259,0.6795264023906477,0.9557369007254215,-0.016500532143046108,-0.038778146512931336,0.004961586202769696,-1.9051412394281713,-4.645230406321807,0.8604459539469247
cooling_lst_loco_k,ndvi_uplift,0.5,Transitional,12,0.8533426547217933,0.7867231696035736,0.921474769579068,0.8151860999394539,0.7524956036288445,0.8775135426834244,-0.03815655478233943,-0.059872502143203776,-0.0166899835162251,-4.3417021981831505,-6.808514090656526,-1.9308894743878207
cooling_lst_loco_k,vegetation_cover,0.25,Flat,8,0.4538309219151315,0.4232403218422782,0.48779876744325656,0.5022889692642765,0.4513342318153011,0.5611869555463391,0.0484580473491449,0.018485971845281265,0.08651838082041888,10.370543094592254,4.050707110631979,17.971104067706555
cooling_lst_loco_k,vegetation_cover,0.25,Hilly,14,0.4533113128334215,0.42249666346952486,0.4818074928916122,0.48489939249820174,0.45000308811869316,0.5252956113211205,0.0315880796647803,0.008895236815500683,0.05589598479239989,7.225216206390836,2.1091815385231967,12.558189933434479
cooling_lst_loco_k,vegetation_cover,0.25,Mountainous,7,0.41295778105281805,0.3476421849007748,0.48764480563899365,0.47853592952611973,0.4027151380834928,0.5633437770462523,0.06557814847330175,0.04920596170952485,0.08491324982820728,16.14981966524693,12.34803593318635,20.896409262583564
cooling_lst_loco_k,vegetation_cover,0.25,Transitional,12,0.42667132736089664,0.393332784329227,0.460152448718731,0.46062068220184943,0.42954367000063,0.49310422200055215,0.03394935484095272,0.01772744416626764,0.05221235680741636,8.513391661088711,4.19054907587467,13.567701116674113
cooling_lst_loco_k,vegetation_cover,0.5,Flat,8,0.907661843830263,0.8459072239106806,0.9742960334404737,0.9920606596214198,0.8933834692422855,1.0944723513772012,0.0843988157911568,0.03738227455160586,0.13610185929105414,8.958066381653131,4.1232675473414595,14.073380873362627
cooling_lst_loco_k,vegetation_cover,0.5,Hilly,14,0.906622625666843,0.846220793726957,0.9639497878944903,0.9789573988587447,0.915380353799591,1.0469497150669342,0.07233477319190193,0.04316915355168317,0.10114580419258998,8.18929996385558,4.790621625996557,11.60794557694019
cooling_lst_loco_k,vegetation_cover,0.5,Mountainous,7,0.8259155621056361,0.6953212072778789,0.9767786014698829,0.9358838932871103,0.7879167099052965,1.1037178295111734,0.10996833118147417,0.07823537226034569,0.15021940902158848,13.450801168003014,10.053188198374592,18.164478085850014
cooling_lst_loco_k,vegetation_cover,0.5,Transitional,12,0.8533426547217933,0.7876229737203394,0.9212429131495942,0.9170675300978348,0.8514487593036764,0.9869896487749431,0.06372487537604142,0.03689660009727469,0.08882274685672349,7.763675249892213,4.39681188879755,11.204291177705109
cooling_no_far22_loco_k,ndvi_uplift,0.25,Flat,8,0.4455580387979276,0.4152737484052804,0.4777643434820563,0.4057494737871037,0.3850544750601228,0.42470641789953817,-0.03980856501082394,-0.05887863588197062,-0.020156839043517484,-8.544872255308468,-12.146771671453365,-4.421114576584591
cooling_no_far22_loco_k,ndvi_uplift,0.25,Hilly,14,0.45235442446890184,0.4257017800228424,0.47867116011646443,0.41998450143686045,0.39131130467062963,0.45544492105890877,-0.03236992303204139,-0.04799963016794229,-0.01587672514887918,-7.20586894289327,-10.602426754235593,-3.7142091851924675
cooling_no_far22_loco_k,ndvi_uplift,0.25,Mountainous,7,0.42214767952630117,0.35402926206882274,0.49766523331764173,0.3962737108422676,0.3427211045919387,0.45597670716936,-0.025873968684033626,-0.045512938689986106,-0.008148949260251045,-5.278055021318399,-8.559019269055131,-1.6069450401337835
cooling_no_far22_loco_k,ndvi_uplift,0.25,Transitional,12,0.41490873049610427,0.3841914517924396,0.4471658607799088,0.37779455679372137,0.353626982071692,0.40314550510584407,-0.03711417370238283,-0.05415595194927615,-0.021904776166156683,-8.562757494589846,-12.037740368027576,-5.253698110272839
cooling_no_far22_loco_k,ndvi_uplift,0.5,Flat,8,0.8911160775958552,0.8313080262180172,0.9548765464413544,0.8584794073482859,0.7982982704720067,0.9221316473938562,-0.03263667024756942,-0.05472025494784217,-0.009806059516863464,-3.6240680670973786,-6.112175352626102,-1.0046923861140538
cooling_no_far22_loco_k,ndvi_uplift,0.5,Hilly,14,0.9047088489378037,0.8509001716617697,0.9586700199235176,0.8664426436334899,0.8155676332180729,0.9276694621782863,-0.03826620530431387,-0.0567886710225977,-0.017869738817863193,-4.192346223360873,-6.248970389113059,-1.9157740764572608
cooling_no_far22_loco_k,ndvi_uplift,0.5,Mountainous,7,0.8442953590526023,0.7080585241376455,0.9975486496387581,0.8254671954086233,0.6967502677685228,0.972029314118885,-0.01882816364397911,-0.04165081348522324,0.0023397982171329385,-1.9699489918135418,-4.506781967326077,0.5182443931120885
cooling_no_far22_loco_k,ndvi_uplift,0.5,Transitional,12,0.8298174609922085,0.7680898669076169,0.8919219614971114,0.7955020513950034,0.741880063162189,0.8511766002262544,-0.03431540959720501,-0.05525642913989467,-0.014017334430153409,-3.9187756562952494,-6.318599975886787,-1.5561781773830694
cooling_no_far22_loco_k,vegetation_cover,0.25,Flat,8,0.4455580387979276,0.41565953401344896,0.4779917339819474,0.4931331887654269,0.44658143212638673,0.5493215823248235,0.047575149967499245,0.02113789601518691,0.08245775154664839,10.422052482743453,4.791041831386929,17.528788496391606
cooling_no_far22_loco_k,vegetation_cover,0.25,Hilly,14,0.45235442446890184,0.42557633401761663,0.4787647848763261,0.48932398909340735,0.4554054738830817,0.5302457443199649,0.03696956462450557,0.015288242967789639,0.061100653716440585,8.213987498157627,3.381406052474702,13.360736960915009
cooling_no_far22_loco_k,vegetation_cover,0.25,Mountainous,7,0.42214767952630117,0.35452857772187946,0.4992736404724358,0.48759227193428506,0.4143984785675414,0.5712895333609099,0.06544459240798381,0.051847298630955045,0.08111070251086505,15.964210944164131,12.364639311196608,20.07605329881717
cooling_no_far22_loco_k,vegetation_cover,0.25,Transitional,12,0.41490873049610427,0.3846843426630137,0.4467962532984214,0.4496855289687209,0.42408115058836554,0.47830746075923225,0.034776798472616686,0.01796431681173009,0.0520934851618125,9.059693311886882,4.469303242478014,14.072721324185729
cooling_no_far22_loco_k,vegetation_cover,0.5,Flat,8,0.8911160775958552,0.8316479219225852,0.9547262765557853,0.977279414504285,0.8849640327623438,1.0769820165894683,0.08616333690842977,0.04364349515500346,0.1358453789978358,9.345677496709515,4.9467554468989965,14.293677920650502
cooling_no_far22_loco_k,vegetation_cover,0.5,Hilly,14,0.9047088489378037,0.8518469427403688,0.9567812608477274,0.9853763684181601,0.9260863431823709,1.0527614179249458,0.08066751948035626,0.054858005118774394,0.10748999370293989,8.982379882751273,6.126049807499334,11.93941857454084
cooling_no_far22_loco_k,vegetation_cover,0.5,Mountainous,7,0.8442953590526023,0.7092885412978236,1.0028879016624992,0.9536798248892383,0.8046986141001523,1.127556376077801,0.10938446583663601,0.07883032148461193,0.14745746840615867,13.11350899166753,9.812017793004745,17.55179483860125
cooling_no_far22_loco_k,vegetation_cover,0.5,Transitional,12,0.8298174609922085,0.7685337719299875,0.8920395473270755,0.8942802229975166,0.8377101899656507,0.9558543691262533,0.06446276200530825,0.041278929697776384,0.08577969843471692,8.142624300918294,5.019410158975469,11.195701394472799
cooling_representative18_loco_k,ndvi_uplift,0.25,Flat,8,0.464514004237745,0.4311583216607481,0.5012478664050615,0.440291991731294,0.40835728042541336,0.47258432493558455,-0.024222012506451,-0.037277486203657555,-0.009914601018507673,-5.080488172432197,-8.029768727352932,-1.924430685214651
cooling_representative18_loco_k,ndvi_uplift,0.25,Hilly,14,0.4761018781343039,0.4479268689940638,0.5031118754836267,0.44570234761695365,0.4159116609769103,0.4791905015000752,-0.030399530517350205,-0.043637097173878356,-0.016300611592618135,-6.461804937127815,-9.217664943900479,-3.557243166230904
cooling_representative18_loco_k,ndvi_uplift,0.25,Mountainous,7,0.4332864818711233,0.3611863895612003,0.5143612210414341,0.39941460121047395,0.3434565482758095,0.460725591769827,-0.033871880660649396,-0.05675101195748532,-0.013993295567158287,-6.90787954225437,-10.465871709302602,-3.382546356526734
cooling_representative18_loco_k,ndvi_uplift,0.25,Transitional,12,0.43117884537297374,0.4015939080005032,0.46185758828101287,0.39831520817956295,0.3761723762150742,0.4209085316163612,-0.032863637193410684,-0.04642648585513342,-0.01960841538933174,-7.248210491757991,-9.952491859459068,-4.456179033442579
cooling_representative18_loco_k,ndvi_uplift,0.5,Flat,8,0.92902800847549,0.8616329671745478,1.001075028155608,0.9110290851989999,0.8380019178836118,0.9874428276942204,-0.01799892327649002,-0.04044333194885283,0.004477889653709684,-1.9933787334284663,-4.591840854864028,0.5943545826843377
cooling_representative18_loco_k,ndvi_uplift,0.5,Hilly,14,0.9522037562686078,0.8965433228315068,1.006431981884951,0.9228366389658008,0.8677426368466316,0.9831254228641578,-0.029367117302806726,-0.048160202652482526,-0.008427124736804811,-3.0737261728234886,-5.115277729502902,-0.7825225148250633
cooling_representative18_loco_k,ndvi_uplift,0.5,Mountainous,7,0.8665729637422466,0.7217067021887489,1.0299045280673964,0.8418780630311754,0.7068530786477522,0.9919755317796953,-0.024694900711071145,-0.045692264018329605,-0.007876149257348395,-2.637056062148257,-4.5715378923967265,-0.9611439981959299
cooling_representative18_loco_k,ndvi_uplift,0.5,Transitional,12,0.8623576907459475,0.8030831725087637,0.9243054473609867,0.8341927037748366,0.7839893581667571,0.8874110423214953,-0.02816498697111086,-0.047471813408242566,-0.00865264812026722,-3.037929763233245,-5.1678138866600705,-0.8418071616170258
cooling_representative18_loco_k,vegetation_cover,0.25,Flat,8,0.464514004237745,0.4313062186438165,0.5012239773323517,0.532446967267862,0.4710012143623524,0.6026141505219607,0.06793296303011705,0.03390385913129541,0.10979784129743865,14.0429542539948,7.422188300450162,21.855450831152748
cooling_representative18_loco_k,vegetation_cover,0.25,Hilly,14,0.4761018781343039,0.44846063663881625,0.5036329420125811,0.5198985754338158,0.483858873691231,0.5623532292233486,0.043796697299511876,0.02196023042484301,0.0673526745494672,9.203861227279322,4.596485380967231,13.994130930097956
cooling_representative18_loco_k,vegetation_cover,0.25,Mountainous,7,0.4332864818711233,0.3620207836591075,0.5149522640336981,0.49249843273385535,0.42012835584848135,0.5799880697173312,0.05921195086273211,0.04147009822657176,0.07721553151772476,14.22403086736784,9.564693896756145,18.782727010392858
cooling_representative18_loco_k,vegetation_cover,0.25,Transitional,12,0.43117884537297374,0.40161437926715016,0.4623481735205944,0.4742894572096712,0.44911556953349735,0.5024222252243661,0.04311061183669748,0.02683568022253685,0.06045977004283971,10.608473540538617,6.219075166187501,15.604061209990235
cooling_representative18_loco_k,vegetation_cover,0.5,Flat,8,0.92902800847549,0.8623166433214962,1.00047348131841,1.0311598121239949,0.9285171699028492,1.141174265072497,0.102131803648505,0.05525415391359595,0.15365592170040213,10.606196165512737,5.977367682631952,15.431324535550678
cooling_representative18_loco_k,vegetation_cover,0.5,Hilly,14,0.9522037562686078,0.8972312904196025,1.0082380879889141,1.0480786609778525,0.9840863640099032,1.1218133782206212,0.09587490470924488,0.0676317368065491,0.12545808907872724,10.101820928362084,7.132883044556297,13.25222191704258
cooling_representative18_loco_k,vegetation_cover,0.5,Mountainous,7,0.8665729637422466,0.7223727791224006,1.037504582466959,0.9757397014793016,0.8165627059609089,1.1582061848755085,0.10916673773705506,0.07756094215951197,0.14534288991281316,12.7437060162089,9.531264246763163,17.040443385998717
cooling_representative18_loco_k,vegetation_cover,0.5,Transitional,12,0.8623576907459475,0.8034309308077573,0.9230198340387842,0.9378989448242834,0.8846830066324972,0.997132688415051,0.07554125407833599,0.05256447172549217,0.0978419310686094,9.131593647306586,6.110694632880003,12.327455861431636
cooling_strict_full_k,ndvi_uplift,0.25,Flat,8,0.4427017156979294,0.4108735068074826,0.47553934423139366,0.4085394722710129,0.3818034349106623,0.4338697629421912,-0.034162243426916435,-0.05324411241585107,-0.013117810147570217,-7.397523897589761,-11.3563914351088,-2.7189409867183114
cooling_strict_full_k,ndvi_uplift,0.25,Hilly,14,0.44525719985868967,0.42304061264769693,0.46468964831787546,0.4101982989317848,0.38800139189851957,0.4323010990190043,-0.03505890092690496,-0.047699387480264116,-0.022460953277587622,-7.818175359224624,-10.615567262723534,-5.063401177055195
cooling_strict_full_k,ndvi_uplift,0.25,Mountainous,7,0.4332262381427095,0.35899985561415654,0.5237770648443513,0.41085584898432537,0.352116693160882,0.486021032311191,-0.02237038915838412,-0.04066853617970774,-0.003869998788675358,-4.232721734341898,-7.766430935688911,-0.19043996064613808
cooling_strict_full_k,ndvi_uplift,0.25,Transitional,12,0.42267253582158526,0.38898400082243834,0.45814210576434716,0.39023131188869437,0.3611546158319152,0.41988707303897727,-0.032441223932890895,-0.0460259509663963,-0.018867987864381663,-7.41834513526551,-10.303351020639894,-4.439205050876974
cooling_strict_full_k,ndvi_uplift,0.5,Flat,8,0.8854034313958588,0.8212753757131848,0.9503862288223415,0.8577835993435767,0.793297963472559,0.923593006816894,-0.02761983205228195,-0.053018590831657345,-0.0028779489693632077,-3.090325574684768,-6.007393404636125,-0.24724854780195243
cooling_strict_full_k,ndvi_uplift,0.5,Hilly,14,0.8905143997173793,0.8471999068929936,0.9286601904782011,0.8529460386383482,0.8144699561015908,0.8909743721281953,-0.03756836107903103,-0.05328021704762407,-0.020645376885427506,-4.120167706182718,-5.873602638829448,-2.211542225514067
cooling_strict_full_k,ndvi_uplift,0.5,Mountainous,7,0.866452476285419,0.7153469347794509,1.0419772608058886,0.8555532203094514,0.7156892968688008,1.0245167878036618,-0.010899255975967605,-0.027151573108848154,0.008546066231699444,-0.9488758538786612,-3.0290725631384103,1.6627080495068352
cooling_strict_full_k,ndvi_uplift,0.5,Transitional,12,0.8453450716431705,0.7755429658891299,0.9161185512684934,0.8162819762369781,0.7489689496862336,0.8819796478946695,-0.029063095406192552,-0.048925580683861505,-0.010065915243803372,-3.342334294267481,-5.710948561992557,-1.129303480974229
cooling_strict_full_k,vegetation_cover,0.25,Flat,8,0.4427017156979294,0.4109363844971813,0.47495746837949937,0.4955555272479335,0.4431558865144885,0.5554501691161257,0.052853811550004196,0.02129435642039336,0.09151288000751118,11.606653620478635,4.83264908792828,19.383867503466504
cooling_strict_full_k,vegetation_cover,0.25,Hilly,14,0.44525719985868967,0.4235930533468782,0.46435207408268925,0.4782547775682337,0.45467843262784796,0.5047424588545432,0.03299757770954405,0.015042726291764971,0.05178702918911727,7.643808721385369,3.5117450214639714,11.925741732741265
cooling_strict_full_k,vegetation_cover,0.25,Mountainous,7,0.4332262381427095,0.3583046018014106,0.526190438080499,0.5060256651461295,0.42695015669541464,0.6163274365913795,0.07279942700341989,0.051181088858997095,0.09410115578453922,17.253313874200558,12.534406807252443,21.63019232387148
cooling_strict_full_k,vegetation_cover,0.25,Transitional,12,0.42267253582158526,0.38872619103458145,0.45747292303804193,0.4641021249954394,0.42953358394310426,0.4989999536788333,0.04142958917385409,0.024351303967754135,0.05892880956239473,10.304386465023144,5.6820921198161995,15.407516215672555
cooling_strict_full_k,vegetation_cover,0.5,Flat,8,0.8854034313958588,0.8200455162448548,0.9512343573542136,0.973926542698752,0.8786446259437446,1.0758582061322672,0.08852311130289328,0.04385326297932167,0.13836488109893272,9.66581935497313,5.064933973622996,14.665510875859379
cooling_strict_full_k,vegetation_cover,0.5,Hilly,14,0.8905143997173793,0.8466248156077525,0.9289897421494128,0.9696689800026178,0.9274529580464461,1.0124393161451208,0.07915458028523838,0.057543483188881396,0.10105432974077491,9.073518840332442,6.456468976139545,11.715511522672422
cooling_strict_full_k,vegetation_cover,0.5,Mountainous,7,0.866452476285419,0.7153469347794509,1.0487941204519098,0.986736328986799,0.8201662560072387,1.191096800155055,0.12028385270138006,0.08563202854424236,0.1594563101493624,14.083841495240396,10.307669155179081,18.396951697207964
cooling_strict_full_k,vegetation_cover,0.5,Transitional,12,0.8453450716431705,0.77598868166147,0.9167775973902851,0.9159965696205731,0.8455929631513194,0.9906049974546012,0.07065149797740251,0.04550769444360676,0.0933328654593744,8.6254897235928,5.4593343710057765,11.768048952927488
cooling_strict_loco_k,ndvi_uplift,0.25,Flat,8,0.44468584693464824,0.41394769741939286,0.47654437507190195,0.4087335908926655,0.384326593803306,0.432097224933991,-0.035952256041982794,-0.05633560394025208,-0.015439121340343625,-7.725638804303142,-11.876867402395732,-3.1929329397012935
cooling_strict_loco_k,ndvi_uplift,0.25,Hilly,14,0.4535361658042859,0.42636987275880284,0.47994028431218955,0.42183410268112587,0.39096725073807337,0.4572911642405711,-0.03170206312316005,-0.04720339920690821,-0.016022917641836772,-7.130537243552366,-10.547694931561109,-3.796549977708761
cooling_strict_loco_k,ndvi_uplift,0.25,Mountainous,7,0.42187400143528936,0.34850600636417306,0.5009208392844112,0.3986020843014354,0.3381316398619257,0.46263120317199374,-0.023271917133854007,-0.04203842534796793,-0.006694647192242354,-4.701826730323213,-8.10476278621423,-1.1053036307630113
cooling_strict_loco_k,ndvi_uplift,0.25,Transitional,12,0.4140082695408871,0.3825793916353342,0.4469732639381526,0.38220339857864777,0.3572020062525223,0.40745607642868314,-0.031804870962239405,-0.04706578933480381,-0.017821480588172796,-7.285650942310181,-10.305803288156158,-4.267614062780455
cooling_strict_loco_k,ndvi_uplift,0.5,Flat,8,0.8893716938692965,0.8291725360177049,0.9550437361682835,0.8584725795782675,0.795530317152848,0.9246765594399683,-0.030899114291029116,-0.05926745115291512,-0.0025865635654334328,-3.4356197111236817,-6.569111549744687,-0.21917773304292743
cooling_strict_loco_k,ndvi_uplift,0.5,Hilly,14,0.9070723316085718,0.8534876564401519,0.9611106265700591,0.8700605173780894,0.8168136371115097,0.9326335022751113,-0.037011814230482366,-0.05488503668136418,-0.01681546874177256,-4.1112890573230745,-6.094292918329114,-1.8943687587314288
cooling_strict_loco_k,ndvi_uplift,0.5,Mountainous,7,0.8437480028705787,0.697012012728346,1.0009388392210086,0.8270964059998102,0.6853536929760502,0.9803000435409104,-0.016651596870768573,-0.04242756169409751,0.007581651320303942,-1.8063791490446899,-4.7017186596074,0.8972482294587437
cooling_strict_loco_k,ndvi_uplift,0.5,Transitional,12,0.8280165390817742,0.7657838781789073,0.89494465248668,0.7976905624722633,0.7409070759467147,0.8583812518584116,-0.03032597660951078,-0.04988016818575473,-0.01199364938211832,-3.478195507555755,-5.669675074299418,-1.3483044212723598
cooling_strict_loco_k,vegetation_cover,0.25,Flat,8,0.44468584693464824,0.4146751215823363,0.4775227459363619,0.4955308183820717,0.44487544792018147,0.5575069331476366,0.05084497144742345,0.01951599480209074,0.0906651182937431,11.111007387316219,4.424222541025399,19.16242770948291
cooling_strict_loco_k,vegetation_cover,0.25,Hilly,14,0.4535361658042859,0.4269414980739177,0.479587913517702,0.49121200620186123,0.4549331541212401,0.5346512684912708,0.037675840397575364,0.016297427378761335,0.061272398300201904,8.22117893467558,3.5414737864747146,13.092395334500566
cooling_strict_loco_k,vegetation_cover,0.25,Mountainous,7,0.42187400143528936,0.351284912076328,0.5003977868716089,0.4901271737560756,0.4096269435494057,0.5779473104617409,0.06825317232078632,0.052343453692326326,0.08650877293934205,16.57842963532749,12.813721048111871,20.945416216284748
cooling_strict_loco_k,vegetation_cover,0.25,Transitional,12,0.4140082695408871,0.38292293249061876,0.44689721778521274,0.4538672889502002,0.4272245958594114,0.4836967512086991,0.03985901940931292,0.02461337702007403,0.055696667539267296,10.298840645564482,6.005449180178598,14.921146817129992
cooling_strict_loco_k,vegetation_cover,0.5,Flat,8,0.8893716938692965,0.8290387317353567,0.9555879102970319,0.9766202024641413,0.8814587550412958,1.0806607537389579,0.08724850859484463,0.04065130218005418,0.14099366801784105,9.488471103384896,4.551865145265915,14.781951379562988
cooling_strict_loco_k,vegetation_cover,0.5,Hilly,14,0.9070723316085718,0.8516396976765369,0.9610469729456201,0.989604014269682,0.9258956790139242,1.0608427530495372,0.08253168266111044,0.05602901068438344,0.11004359233656294,9.085492511064045,6.154988243284068,11.962444271461138
cooling_strict_loco_k,vegetation_cover,0.5,Mountainous,7,0.8437480028705787,0.7033895856229091,1.0047871399624981,0.9548868381123076,0.7909901126488065,1.1325118686059563,0.11113883524172882,0.07779379684007554,0.15009826342445548,13.247905139455323,9.949640725361533,17.704735332240116
cooling_strict_loco_k,vegetation_cover,0.5,Transitional,12,0.8280165390817742,0.7646013856387336,0.8923378234843221,0.8963284679745002,0.8361750069661494,0.9603283245101539,0.06831192889272593,0.0459555304257768,0.08815120970746158,8.59078088764059,5.629753186838829,11.456511787941512
